id,cliente_id,produto_id,dt_venda,quantidade
1,94,110,2026-01-29,12
2,96,79,2023-11-18,15
3,25,93,2024-05-25,16
4,38,79,2024-05-04,1
5,15,62,2024-03-01,19
6,93,161,2025-07-26,14
7,56,20,2023-04-24,18
8,37,117,2023-09-04,16
9,50,146,2026-03-26,107
10,21,145,2023-05-29,19
11,48,187,2023-04-21,13
12,85,120,2025-12-15,6
13,87,41,2025-08-25,12
14,32,32,2025-07-30,16
15,70,70,2024-03-26,105
16,85,147,2026-03-11,12
17,76,91,2025-09-08,19
18,44,136,2025-04-19,15
19,67,84,2023-03-31,2
20,98,67,2024-12-06,9
21,32,18,2023-10-28,1
22,48,2,2024-11-25,2
23,89,189,2025-10-26,9
24,45,111,2024-09-23,19
25,84,195,2026-03-09,19
26,61,16,2026-03-14,12
27,70,187,2025-03-31,20
28,42,47,2023-05-08,16
29,29,60,2023-01-14,2
30,96,116,2023-12-21,6
31,46,81,2024-07-19,9
32,97,82,2025-06-15,15
33,80,164,2024-07-09,62
34,100,92,2023-07-29,28
35,67,45,2024-09-22,1
36,82,83,2024-08-12,14
37,31,95,2023-04-15,18
38,84,19,2026-02-17,1
39,17,68,2025-01-24,18
40,19,29,2024-12-18,13
41,76,140,2026-04-14,12
42,8,125,2025-04-27,7
43,47,16,2023-09-17,3
44,12,98,2023-12-27,13
45,37,192,2024-08-10,16
46,71,17,2023-01-14,4
47,35,84,2025-05-27,8
48,83,10,2024-09-11,15
49,32,188,2026-01-07,5
50,81,97,2023-11-20,8
51,82,80,2025-02-28,7
52,17,108,2025-07-31,8
53,54,108,2023-08-22,6
54,54,179,2024-10-01,2
55,23,100,2023-01-10,1
56,87,157,2023-04-08,12
57,59,107,2025-08-31,3
58,84,40,2023-02-02,11
59,67,81,2023-07-27,15
60,16,22,2026-01-11,20
61,86,102,2025-01-09,8
62,32,172,2024-04-01,4
63,30,181,2025-04-19,160
64,38,70,2024-06-23,5
65,64,148,2023-01-20,6
66,62,186,2025-08-11,4
67,81,146,2024-10-20,14
68,11,170,2025-03-16,7
69,31,84,2023-10-03,19
70,20,71,2023-05-26,118
71,97,87,2024-05-24,9
72,42,96,2023-01-19,20
73,95,142,2025-09-04,11
74,62,158,2024-08-07,5
75,54,182,2025-05-29,5
76,48,89,2024-12-08,12
77,20,62,2023-08-06,57
78,2,139,2025-08-23,10
79,38,35,2024-09-08,15
80,19,33,2025-12-31,19
81,85,155,2023-02-01,5
82,93,117,2025-02-18,5
83,61,86,2023-01-01,19
84,83,196,2023-04-06,12
85,42,152,2026-01-28,9
86,52,187,2024-07-15,18
87,6,19,2023-06-05,8
88,6,154,2026-02-15,3
89,71,194,2024-11-17,5
90,90,104,2023-05-06,87
91,65,181,2025-03-11,6
92,94,166,2023-05-03,12
93,88,26,2024-03-21,19
94,8,37,2023-12-16,18
95,68,12,2025-03-19,3
96,33,58,2023-08-05,9
97,70,164,2025-09-22,154
98,9,183,2024-03-27,20
99,34,159,2023-12-21,8
100,3,5,2026-01-31,14
101,63,198,2023-05-14,11
102,44,45,2023-09-23,4
103,79,159,2025-03-23,6
104,34,72,2024-04-28,15
105,17,105,2026-01-14,11
106,82,115,2023-09-25,13
107,6,38,2024-12-13,2
108,76,122,2025-10-16,11
109,47,42,2025-01-27,12
110,49,1,2025-01-26,7
111,29,132,2026-01-27,10
112,16,48,2023-08-20,2
113,14,16,2024-02-04,8
114,8,49,2023-10-21,2
115,84,18,2023-03-18,13
116,45,107,2025-01-04,18
117,11,63,2025-06-30,3
118,90,128,2026-04-11,82
119,10,94,2025-12-08,192
120,71,87,2024-08-19,17
121,67,22,2026-01-12,10
122,65,102,2025-09-08,20
123,67,61,2023-07-21,1
124,89,139,2025-02-02,10
125,9,31,2023-11-24,5
126,73,172,2023-11-06,17
127,87,47,2023-07-15,1
128,29,49,2023-09-06,3
129,83,19,2025-07-06,13
130,59,71,2024-02-25,17
131,6,35,2023-06-01,18
132,26,195,2024-09-14,15
133,15,76,2023-02-28,12
134,44,163,2024-09-15,16
135,2,28,2024-10-08,18
136,32,43,2025-05-09,16
137,28,193,2025-08-09,1
138,77,137,2023-09-02,1
139,45,27,2026-03-17,3
140,42,82,2023-09-29,3
141,7,64,2023-02-02,15
142,18,148,2024-12-05,3
143,45,122,2023-12-21,18
144,2,196,2025-02-11,18
145,70,80,2026-02-01,22
146,98,1,2025-10-16,12
147,47,79,2023-12-26,14
148,85,163,2023-07-17,6
149,41,130,2025-02-16,14
150,88,29,2024-06-17,12
151,54,112,2024-08-01,8
152,48,196,2024-08-17,15
153,17,135,2024-10-06,9
154,65,143,2024-03-18,7
155,98,123,2023-01-12,10
156,52,7,2023-11-20,8
157,22,151,2025-02-22,12
158,73,33,2025-12-16,14
159,4,146,2023-09-24,13
160,24,59,2023-03-26,16
161,15,44,2023-03-17,17
162,100,172,2025-07-25,78
163,31,54,2026-02-20,14
164,34,19,2024-02-06,15
165,65,197,2024-07-14,13
166,55,84,2024-01-11,16
167,6,97,2024-04-30,4
168,41,167,2024-07-16,8
169,11,2,2024-06-27,14
170,88,41,2023-03-29,1
171,17,44,2023-10-24,4
172,58,96,2024-02-09,6
173,1,110,2024-01-27,13
174,28,63,2024-10-28,14
175,83,112,2024-08-19,6
176,53,88,2024-11-25,8
177,53,6,2023-10-24,15
178,30,197,2025-04-06,121
179,6,196,2023-05-16,20
180,69,146,2023-04-15,9
181,3,115,2025-10-16,3
182,93,68,2023-11-19,2
183,41,99,2023-05-13,2
184,93,144,2024-04-26,10
185,78,153,2024-10-05,18
186,47,79,2024-04-07,9
187,26,137,2024-10-20,1
188,40,36,2025-07-26,108
189,47,35,2025-09-20,18
190,60,146,2024-11-16,131
191,33,102,2024-03-01,8
192,93,145,2023-10-06,17
193,1,141,2024-03-15,7
194,23,53,2025-06-27,3
195,53,195,2024-07-03,10
196,95,122,2025-01-05,8
197,38,79,2025-01-15,13
198,4,171,2026-02-22,18
199,23,178,2024-01-08,3
200,3,160,2024-03-12,17
201,81,142,2025-07-16,8
202,76,108,2025-07-06,10
203,90,161,2024-06-14,105
204,52,25,2023-02-28,4
205,38,72,2023-09-07,12
206,22,167,2025-05-26,7
207,24,18,2023-11-25,18
208,99,130,2025-08-15,14
209,59,139,2024-06-04,18
210,61,62,2024-03-20,7
211,72,183,2023-09-18,5
212,33,1,2025-03-18,19
213,39,110,2026-02-16,14
214,83,200,2025-11-20,15
215,98,35,2025-09-24,19
216,85,50,2025-06-10,6
217,65,84,2024-07-09,16
218,8,90,2024-04-06,18
219,27,125,2025-11-06,5
220,90,83,2023-04-29,144
221,63,181,2023-03-04,12
222,43,159,2025-03-30,20
223,4,121,2024-11-20,13
224,93,150,2026-02-13,9
225,92,95,2023-06-03,19
226,5,178,2025-02-09,4
227,20,66,2023-09-29,161
228,92,163,2025-08-12,14
229,96,151,2025-02-20,20
230,100,167,2024-06-19,35
231,31,63,2023-08-18,7
232,26,2,2025-06-11,4
233,5,151,2024-10-10,9
234,19,66,2024-03-24,16
235,96,15,2024-02-11,5
236,27,78,2025-08-03,3
237,43,156,2024-09-25,14
238,8,8,2025-05-04,19
239,68,172,2024-04-26,3
240,91,106,2024-04-07,11
241,26,134,2026-02-15,11
242,27,87,2025-01-30,20
243,16,157,2023-09-21,2
244,33,88,2025-01-05,6
245,1,20,2026-01-31,15
246,74,70,2023-10-03,5
247,79,113,2024-09-14,12
248,36,48,2024-01-09,1
249,27,110,2024-02-12,17
250,39,183,2024-08-01,2
251,95,120,2024-04-30,18
252,90,127,2025-11-13,145
253,62,6,2023-05-07,19
254,57,93,2023-08-12,7
255,12,200,2023-02-08,14
256,89,14,2024-02-21,19
257,46,175,2025-08-24,2
258,42,165,2025-12-04,2
259,13,181,2024-07-06,12
260,6,172,2026-02-08,8
261,48,83,2025-03-27,8
262,2,74,2025-01-12,4
263,46,141,2024-04-03,5
264,28,15,2025-12-25,13
265,51,85,2024-02-26,5
266,3,12,2025-10-29,1
267,95,68,2023-04-30,11
268,45,141,2024-06-01,10
269,74,116,2025-05-07,17
270,17,166,2025-05-30,4
271,82,23,2023-02-12,18
272,82,181,2024-07-02,7
273,59,192,2026-01-18,9
274,65,99,2023-02-16,7
275,10,185,2023-03-19,115
276,42,141,2024-04-21,15
277,54,122,2024-01-27,2
278,66,14,2025-08-21,7
279,12,192,2025-04-11,12
280,97,148,2025-01-24,20
281,56,114,2023-08-14,12
282,29,39,2024-08-17,11
283,79,23,2023-08-18,8
284,39,15,2024-09-04,10
285,21,144,2025-08-17,20
286,63,80,2025-04-25,17
287,6,9,2024-02-02,8
288,46,120,2024-07-10,7
289,4,109,2023-06-01,5
290,71,190,2025-10-13,12
291,82,36,2025-09-24,12
292,92,68,2024-12-11,10
293,38,148,2026-01-02,6
294,78,25,2026-04-05,5
295,18,60,2023-02-21,12
296,65,174,2024-04-25,15
297,41,127,2023-02-05,1
298,45,75,2025-11-09,17
299,82,113,2024-11-24,16
300,14,73,2024-07-19,7
301,21,17,2026-03-05,1
302,20,101,2024-05-01,164
303,73,176,2023-01-07,6
304,52,45,2024-11-15,12
305,39,132,2025-06-05,7
306,88,41,2024-08-08,18
307,39,128,2024-01-07,7
308,54,35,2024-02-25,15
309,88,72,2025-05-30,10
310,21,122,2024-06-04,4
311,100,166,2023-11-13,106
312,34,47,2023-11-04,5
313,85,136,2025-12-25,14
314,37,43,2023-06-22,1
315,67,39,2023-09-12,5
316,82,140,2023-08-29,2
317,90,177,2026-04-05,170
318,67,147,2024-09-03,2
319,49,97,2025-06-12,3
320,14,191,2023-08-12,9
321,34,25,2026-01-19,16
322,92,171,2025-07-18,14
323,70,3,2026-01-04,40
324,65,199,2023-04-14,13
325,32,199,2026-02-24,2
326,88,33,2023-02-12,2
327,19,156,2025-12-18,15
328,15,71,2025-01-13,20
329,17,64,2023-06-01,12
330,91,153,2025-07-09,15
331,15,118,2023-11-08,18
332,94,88,2023-11-21,2
333,12,118,2026-02-27,2
334,89,77,2023-04-01,6
335,16,170,2026-01-31,5
336,76,77,2026-03-01,16
337,55,136,2024-11-10,14
338,48,60,2024-04-10,13
339,26,80,2026-02-26,4
340,64,41,2023-03-22,7
341,56,42,2025-08-20,14
342,27,115,2024-09-17,2
343,19,180,2026-03-12,7
344,19,85,2026-04-03,1
345,36,50,2025-07-15,12
346,88,90,2025-04-27,11
347,58,20,2025-08-05,8
348,97,98,2025-10-06,14
349,15,36,2023-04-16,7
350,53,78,2023-08-23,13
351,41,93,2023-08-23,6
352,62,83,2023-09-27,20
353,59,173,2026-04-04,13
354,43,10,2025-10-22,12
355,21,46,2023-05-16,8
356,36,140,2025-09-02,15
357,8,60,2023-08-14,20
358,49,85,2025-02-12,19
359,45,132,2024-04-10,15
360,64,42,2025-04-13,13
361,39,127,2026-03-15,20
362,98,102,2025-05-15,10
363,85,12,2026-03-21,16
364,90,18,2025-05-17,180
365,71,119,2025-09-14,13
366,36,37,2024-12-13,10
367,48,45,2026-03-04,5
368,73,50,2024-04-02,4
369,13,101,2024-07-13,9
370,63,192,2025-03-19,8
371,53,54,2024-10-29,12
372,99,174,2024-08-08,14
373,60,147,2026-01-12,126
374,56,20,2025-06-08,10
375,62,148,2023-03-09,6
376,67,39,2023-08-16,12
377,36,92,2023-03-09,7
378,5,1,2025-10-21,18
379,47,61,2025-07-13,6
380,92,92,2024-01-13,10
381,47,63,2025-12-18,19
382,71,3,2023-12-27,12
383,16,87,2023-02-28,1
384,35,118,2023-11-20,16
385,69,11,2024-07-29,1
386,77,195,2024-08-29,7
387,98,92,2024-04-19,10
388,7,29,2025-03-02,20
389,80,195,2023-05-07,130
390,37,44,2024-01-21,3
391,2,116,2025-11-10,5
392,4,191,2025-07-20,14
393,84,168,2024-01-04,4
394,18,51,2023-09-14,16
395,45,128,2023-06-25,15
396,91,144,2026-03-09,1
397,21,147,2025-03-20,17
398,9,166,2025-04-13,11
399,39,136,2025-07-13,9
400,73,125,2025-01-02,6
401,30,141,2023-05-13,64
402,45,68,2024-07-29,5
403,72,163,2023-02-13,16
404,52,53,2023-04-14,15
405,5,20,2023-04-19,14
406,86,10,2024-08-07,18
407,63,16,2024-12-21,5
408,47,121,2025-05-07,15
409,11,63,2025-05-27,1
410,76,74,2025-07-04,6
411,96,22,2024-09-16,20
412,70,150,2024-05-05,22
413,7,16,2025-04-15,20
414,48,74,2024-10-24,17
415,12,125,2025-10-24,20
416,42,189,2025-02-26,6
417,99,139,2024-04-01,4
418,44,33,2025-05-28,18
419,96,167,2024-02-06,13
420,50,191,2024-09-14,32
421,41,189,2024-12-30,14
422,68,170,2024-11-14,5
423,11,72,2025-05-01,15
424,9,185,2023-01-11,1
425,58,157,2024-08-28,5
426,70,158,2023-11-27,181
427,91,58,2023-01-01,6
428,44,85,2023-04-04,14
429,63,62,2024-08-14,8
430,86,45,2025-08-19,15
431,70,8,2023-01-06,24
432,67,72,2023-01-09,1
433,61,100,2023-10-20,3
434,47,33,2024-03-23,6
435,48,41,2023-12-20,16
436,6,101,2023-02-13,4
437,82,6,2026-02-10,17
438,12,71,2023-05-08,15
439,75,70,2025-04-25,18
440,65,195,2026-02-22,8
441,39,170,2023-07-31,19
442,75,96,2025-01-27,15
443,7,61,2023-03-11,8
444,88,28,2023-05-26,6
445,25,116,2023-03-29,10
446,27,40,2023-12-21,16
447,80,186,2025-06-22,140
448,30,81,2024-06-03,77
449,96,64,2025-05-29,1
450,72,10,2023-12-04,2
451,92,182,2024-09-20,10
452,94,185,2025-09-24,13
453,28,41,2023-10-28,8
454,84,122,2023-08-18,1
455,59,67,2023-01-25,1
456,14,186,2025-08-20,3
457,34,179,2023-11-26,19
458,52,25,2024-09-25,20
459,72,2,2025-11-05,6
460,14,105,2025-06-30,4
461,94,172,2025-07-13,7
462,11,49,2023-07-14,9
463,35,6,2023-04-22,6
464,82,79,2023-08-04,19
465,2,115,2023-05-20,13
466,77,107,2024-01-26,8
467,10,82,2025-11-14,163
468,17,81,2023-10-16,10
469,34,191,2023-09-21,14
470,71,117,2024-08-04,20
471,12,13,2023-02-21,16
472,96,72,2024-11-18,9
473,40,37,2023-01-15,200
474,55,15,2024-02-16,18
475,98,174,2023-01-21,13
476,67,2,2024-01-10,17
477,25,79,2024-03-10,11
478,8,74,2026-02-03,3
479,13,88,2025-11-21,4
480,41,121,2026-02-23,3
481,52,17,2025-10-24,6
482,86,140,2024-08-02,5
483,91,132,2023-06-30,3
484,82,185,2023-12-27,15
485,85,106,2025-08-25,8
486,19,189,2026-03-09,10
487,5,124,2025-04-03,17
488,9,86,2025-11-10,3
489,43,141,2025-05-05,17
490,96,76,2025-05-22,20
491,46,52,2025-08-11,17
492,76,127,2023-09-11,9
493,26,31,2024-01-02,20
494,42,120,2024-08-30,3
495,38,89,2023-11-15,11
496,43,150,2025-12-17,13
497,97,40,2023-02-13,17
498,29,200,2024-08-26,9
499,92,189,2025-07-27,11
500,34,72,2023-05-18,9
501,15,24,2024-01-16,18
502,93,63,2026-03-03,20
503,88,21,2026-02-13,4
504,6,170,2023-12-27,14
505,33,171,2023-06-13,14
506,46,142,2025-12-21,2
507,98,139,2025-07-01,11
508,33,125,2025-11-18,8
509,37,28,2025-09-16,11
510,38,39,2024-07-01,9
511,2,156,2025-08-01,1
512,72,127,2023-12-13,10
513,39,200,2023-11-01,8
514,47,190,2024-04-05,6
515,27,43,2024-10-18,16
516,4,142,2026-02-11,5
517,84,131,2025-06-16,7
518,89,77,2025-01-05,17
519,75,87,2023-07-09,10
520,73,14,2024-07-27,4
521,72,31,2024-07-16,1
522,73,128,2023-04-06,2
523,34,106,2023-06-30,9
524,16,37,2026-04-14,5
525,19,170,2024-11-17,1
526,11,34,2024-09-30,2
527,39,192,2024-06-05,19
528,88,70,2025-02-07,4
529,69,102,2023-07-04,19
530,86,26,2024-02-16,5
531,83,69,2024-09-07,3
532,95,38,2023-05-27,9
533,38,170,2025-09-25,3
534,74,148,2024-09-03,6
535,100,146,2025-05-01,136
536,63,18,2026-01-27,19
537,55,100,2023-12-05,5
538,72,66,2024-06-29,16
539,51,28,2023-01-31,8
540,22,124,2023-08-08,19
541,51,39,2025-12-07,8
542,63,60,2025-11-04,5
543,7,124,2023-07-17,6
544,68,137,2026-03-21,19
545,12,58,2023-08-17,7
546,59,19,2025-09-18,9
547,41,36,2024-05-07,4
548,47,182,2023-05-18,14
549,85,127,2025-05-10,11
550,64,131,2026-01-21,1
551,2,127,2024-02-14,18
552,85,107,2024-09-26,20
553,77,58,2023-07-07,12
554,17,140,2025-03-25,9
555,34,74,2023-12-03,6
556,27,159,2023-01-08,16
557,1,149,2026-02-01,17
558,75,45,2023-07-09,7
559,84,116,2023-07-20,14
560,82,103,2023-07-23,11
561,96,29,2024-05-29,3
562,6,121,2023-08-18,3
563,38,4,2023-01-05,3
564,93,42,2023-07-30,20
565,18,37,2025-08-10,11
566,55,2,2023-05-17,15
567,60,30,2025-10-15,39
568,3,14,2023-03-13,20
569,10,146,2025-06-29,65
570,21,92,2025-09-17,12
571,33,170,2023-01-07,8
572,37,123,2025-07-17,4
573,3,123,2024-11-02,19
574,33,96,2026-03-08,3
575,26,88,2026-04-08,18
576,88,162,2024-11-14,12
577,28,38,2025-05-16,17
578,82,144,2023-05-30,3
579,89,74,2024-04-24,10
580,52,103,2026-04-14,10
581,26,179,2025-02-07,13
582,69,110,2024-02-02,3
583,25,136,2024-03-10,18
584,5,163,2024-04-12,15
585,45,106,2024-02-17,17
586,18,76,2025-11-13,18
587,33,128,2024-09-03,18
588,8,189,2023-05-27,16
589,33,100,2025-10-06,10
590,97,29,2023-03-01,4
591,94,72,2025-01-05,9
592,84,70,2023-06-02,9
593,15,194,2023-04-08,19
594,95,2,2023-05-29,19
595,60,117,2026-02-14,99
596,38,29,2023-10-28,16
597,34,195,2024-02-12,18
598,68,28,2024-01-03,16
599,51,64,2026-04-05,19
600,48,53,2026-02-21,6
601,47,142,2023-04-23,6
602,2,115,2025-06-28,19
603,21,111,2024-02-04,18
604,67,189,2024-02-21,19
605,11,118,2024-10-23,19
606,34,2,2023-04-08,19
607,9,9,2025-08-31,16
608,73,135,2024-05-24,8
609,59,161,2025-05-21,11
610,80,24,2026-03-22,44
611,98,152,2024-02-25,16
612,38,25,2025-08-05,16
613,4,16,2024-05-05,11
614,73,118,2025-06-23,13
615,61,37,2023-03-06,5
616,40,190,2026-01-08,160
617,25,167,2025-10-23,8
618,22,93,2026-01-18,9
619,38,194,2026-03-09,7
620,75,62,2023-06-15,2
621,3,191,2023-03-29,10
622,69,38,2025-06-20,15
623,79,173,2024-11-04,5
624,28,116,2024-08-02,20
625,95,148,2024-11-07,11
626,79,179,2025-02-08,3
627,95,155,2025-01-18,14
628,10,24,2025-12-15,50
629,50,67,2023-01-17,63
630,78,144,2025-10-15,10
631,71,158,2023-11-25,17
632,25,78,2024-12-23,4
633,39,3,2024-04-04,15
634,17,144,2023-02-16,15
635,43,168,2024-05-04,16
636,98,37,2025-05-09,14
637,28,168,2025-06-13,17
638,18,49,2024-09-09,12
639,98,51,2023-07-10,18
640,74,183,2023-11-13,18
641,68,38,2024-04-03,9
642,42,12,2024-08-29,16
643,60,96,2023-09-06,33
644,33,23,2025-12-25,13
645,51,109,2025-11-20,8
646,48,33,2025-06-25,15
647,85,109,2025-07-03,17
648,53,90,2025-12-20,4
649,8,97,2024-08-06,6
650,21,199,2026-01-09,3
651,1,97,2025-11-13,13
652,99,93,2026-03-23,19
653,68,13,2024-11-27,14
654,46,74,2025-03-25,15
655,68,122,2023-08-02,1
656,14,2,2024-05-13,16
657,36,133,2024-09-22,9
658,62,74,2024-12-24,16
659,41,47,2024-04-18,3
660,13,98,2025-01-03,1
661,19,97,2024-01-27,3
662,39,70,2024-09-10,8
663,21,192,2025-06-14,13
664,86,174,2025-01-05,1
665,71,18,2023-01-29,17
666,64,102,2024-12-04,8
667,68,8,2025-07-30,10
668,38,103,2026-01-25,13
669,63,175,2024-08-18,19
670,17,47,2023-09-29,10
671,71,70,2023-12-23,13
672,92,184,2023-05-12,15
673,71,111,2023-09-23,17
674,65,118,2026-04-02,9
675,12,80,2023-08-18,16
676,71,159,2024-12-15,20
677,99,49,2023-01-12,3
678,74,65,2025-01-24,7
679,92,193,2023-08-22,3
680,48,8,2023-05-21,20
681,97,191,2026-03-02,3
682,98,155,2023-05-26,11
683,30,57,2023-09-02,76
684,22,164,2025-08-21,10
685,41,124,2026-03-03,3
686,59,58,2024-11-12,1
687,35,190,2024-04-10,7
688,58,109,2025-08-18,8
689,74,13,2026-02-20,2
690,86,58,2025-07-20,9
691,21,49,2025-04-27,19
692,25,119,2024-03-11,13
693,28,38,2025-12-13,13
694,96,86,2024-12-15,7
695,77,16,2025-09-08,10
696,93,159,2025-10-28,11
697,72,104,2026-01-09,1
698,81,197,2024-03-22,20
699,88,190,2025-11-29,16
700,3,138,2024-05-19,17
701,3,57,2024-07-06,17
702,11,73,2024-04-27,6
703,77,89,2023-03-20,6
704,68,67,2023-12-03,18
705,98,94,2023-09-13,17
706,12,18,2023-09-21,20
707,94,123,2024-05-15,9
708,91,155,2026-01-02,16
709,93,66,2024-06-05,11
710,59,34,2025-08-25,8
711,28,86,2023-03-15,14
712,26,83,2024-03-25,13
713,10,163,2023-05-21,95
714,76,99,2024-09-25,18
715,88,107,2025-01-16,12
716,70,108,2025-01-17,153
717,42,28,2024-02-24,10
718,40,135,2023-05-29,126
719,43,1,2023-07-17,17
720,55,162,2024-12-29,14
721,9,25,2023-02-28,20
722,20,108,2025-07-16,149
723,46,79,2023-01-12,15
724,98,100,2023-07-22,18
725,90,30,2023-05-09,163
726,93,61,2025-04-02,15
727,61,137,2025-06-24,14
728,9,148,2024-12-04,11
729,25,62,2025-09-17,20
730,4,131,2024-10-05,17
731,44,135,2023-11-20,13
732,13,100,2025-06-23,13
733,94,109,2024-11-11,13
734,94,8,2024-02-28,17
735,91,184,2025-04-08,3
736,8,22,2024-10-19,14
737,94,108,2023-12-09,8
738,37,147,2023-05-14,19
739,32,117,2025-05-08,4
740,64,132,2023-03-15,12
741,13,110,2024-11-08,11
742,58,195,2024-05-21,17
743,99,49,2023-03-22,7
744,87,30,2024-12-11,12
745,89,45,2023-11-21,6
746,44,29,2024-06-10,15
747,53,165,2023-12-29,1
748,48,89,2024-05-18,20
749,13,130,2024-12-11,11
750,41,97,2025-09-21,5
751,38,165,2024-02-17,10
752,12,85,2023-06-23,7
753,30,162,2024-06-12,66
754,33,144,2023-02-11,1
755,14,48,2024-05-29,1
756,6,144,2025-04-06,3
757,41,14,2023-10-20,14
758,56,6,2025-08-16,18
759,54,46,2025-01-24,8
760,12,55,2025-01-02,20
761,31,39,2025-08-14,1
762,18,22,2025-06-01,2
763,7,98,2024-04-18,18
764,76,150,2024-06-04,7
765,54,153,2023-02-02,4
766,51,41,2023-03-26,2
767,44,85,2023-11-13,5
768,77,116,2025-05-08,8
769,21,47,2024-11-28,10
770,97,27,2024-05-31,7
771,58,125,2024-10-09,2
772,22,156,2025-09-26,1
773,35,186,2025-12-24,6
774,31,27,2026-03-25,16
775,33,47,2025-09-25,7
776,80,104,2026-02-20,46
777,65,114,2024-04-19,3
778,31,196,2024-09-22,12
779,84,52,2025-10-08,2
780,60,64,2025-01-15,186
781,83,76,2024-10-11,18
782,13,24,2023-05-30,5
783,24,121,2023-04-17,8
784,91,33,2025-08-09,1
785,46,187,2024-09-01,10
786,46,55,2026-03-31,4
787,22,54,2025-01-20,13
788,22,20,2025-06-27,17
789,18,62,2023-08-19,4
790,40,190,2023-04-25,96
791,55,81,2023-06-28,9
792,9,124,2025-10-08,9
793,92,59,2025-11-27,18
794,42,27,2025-12-09,9
795,36,6,2023-12-24,9
796,11,21,2024-10-30,8
797,58,182,2025-07-07,17
798,62,149,2024-11-06,11
799,6,193,2025-01-20,13
800,80,197,2025-05-03,154
801,88,177,2025-01-22,11
802,78,141,2024-04-01,16
803,80,137,2023-08-17,109
804,52,95,2024-12-09,18
805,35,54,2023-12-24,9
806,35,92,2025-03-26,6
807,78,79,2025-05-07,1
808,69,88,2024-05-05,15
809,93,122,2024-12-24,11
810,26,8,2026-03-13,10
811,25,137,2024-01-14,17
812,43,54,2025-08-15,5
813,94,50,2024-12-06,16
814,11,22,2024-02-15,19
815,18,190,2024-11-28,9
816,24,193,2025-05-26,16
817,83,154,2023-05-03,11
818,3,51,2025-11-16,10
819,90,193,2024-08-01,51
820,77,32,2025-10-20,13
821,16,58,2023-04-15,20
822,72,54,2023-10-18,20
823,55,95,2024-06-28,5
824,7,121,2025-07-12,15
825,84,155,2026-04-09,10
826,38,88,2025-12-21,16
827,68,139,2024-11-11,13
828,12,72,2023-04-10,13
829,24,4,2025-12-31,18
830,86,90,2024-10-15,12
831,73,138,2024-09-25,6
832,45,144,2023-10-09,3
833,49,139,2023-10-25,8
834,87,50,2024-03-02,4
835,96,156,2024-08-14,6
836,67,104,2023-02-11,20
837,89,72,2023-04-16,19
838,16,54,2023-07-04,11
839,58,65,2023-09-10,17
840,49,163,2023-07-15,3
841,23,157,2024-02-11,1
842,61,14,2025-08-15,8
843,97,137,2023-07-14,19
844,54,166,2023-12-22,16
845,76,81,2023-10-05,10
846,27,95,2026-02-10,7
847,93,146,2025-10-28,4
848,21,162,2023-07-19,15
849,97,3,2024-06-25,18
850,35,151,2025-11-28,8
851,96,59,2025-02-14,11
852,17,92,2025-06-05,11
853,63,76,2025-06-05,10
854,79,78,2026-03-11,13
855,86,5,2025-09-20,8
856,70,46,2026-02-27,54
857,80,131,2023-06-27,129
858,99,29,2025-05-25,17
859,50,6,2025-08-09,176
860,43,121,2024-12-15,18
861,79,58,2023-06-01,2
862,6,11,2023-03-16,9
863,82,198,2023-02-05,16
864,19,148,2026-02-04,5
865,78,45,2025-05-22,2
866,77,81,2025-05-06,17
867,2,91,2023-01-14,9
868,73,195,2023-10-15,19
869,62,73,2023-03-01,7
870,45,143,2025-02-23,20
871,18,122,2023-11-20,2
872,48,35,2026-04-11,10
873,83,100,2025-06-15,12
874,42,189,2025-10-16,7
875,4,59,2026-03-05,18
876,17,8,2025-04-25,6
877,24,186,2024-08-12,1
878,52,167,2025-11-27,8
879,64,53,2025-01-23,9
880,75,32,2024-07-12,2
881,67,62,2023-10-18,16
882,28,193,2026-02-13,16
883,98,167,2023-12-04,11
884,1,73,2023-06-10,5
885,39,58,2024-07-13,13
886,52,138,2025-01-09,20
887,44,72,2023-09-26,5
888,53,35,2026-02-03,6
889,76,37,2025-12-19,12
890,10,85,2024-04-26,150
891,24,178,2025-06-24,5
892,4,70,2023-01-10,7
893,48,49,2023-06-10,10
894,80,81,2024-07-11,64
895,64,191,2023-01-03,16
896,28,179,2025-09-08,2
897,31,143,2023-09-12,16
898,80,63,2025-10-21,200
899,21,147,2024-03-14,14
900,82,183,2025-11-25,7
901,99,110,2024-04-16,12
902,94,91,2025-07-16,4
903,98,125,2023-11-06,16
904,8,74,2023-12-18,5
905,48,195,2025-01-18,14
906,40,51,2026-04-07,145
907,94,165,2023-08-04,11
908,28,157,2023-08-03,15
909,11,68,2025-01-29,9
910,39,145,2025-01-12,1
911,31,184,2025-06-07,19
912,71,107,2025-01-01,8
913,99,99,2024-02-12,15
914,60,185,2023-10-31,119
915,63,19,2025-05-09,15
916,95,160,2025-03-09,4
917,90,168,2026-03-05,125
918,2,11,2025-03-26,9
919,7,195,2023-10-25,15
920,19,80,2024-04-27,14
921,87,160,2023-11-14,15
922,93,162,2025-02-15,4
923,87,82,2025-08-14,7
924,88,9,2024-08-19,18
925,22,95,2025-04-10,10
926,100,197,2023-07-28,179
927,51,184,2024-08-21,6
928,67,166,2023-01-07,1
929,37,99,2023-05-15,11
930,66,28,2024-01-17,19
931,15,21,2024-01-20,14
932,44,38,2023-02-01,15
933,42,107,2025-01-21,1
934,38,162,2023-09-12,19
935,60,162,2025-03-17,47
936,86,64,2024-05-08,7
937,58,34,2023-07-27,17
938,58,106,2024-03-08,20
939,9,154,2024-04-10,4
940,5,179,2023-12-16,20
941,58,117,2024-07-31,3
942,71,42,2023-02-25,17
943,36,133,2024-03-03,11
944,82,20,2023-12-22,4
945,43,161,2024-01-31,7
946,1,49,2023-09-12,6
947,86,158,2023-11-19,7
948,12,173,2024-08-06,20
949,97,140,2024-05-06,9
950,55,52,2024-05-27,4
951,68,196,2025-05-11,8
952,24,158,2023-01-18,11
953,73,153,2024-06-15,3
954,83,159,2023-05-06,11
955,47,168,2024-09-18,15
956,50,5,2023-02-22,169
957,71,185,2024-11-06,7
958,74,33,2024-10-13,8
959,73,24,2026-04-09,5
960,92,6,2024-08-13,8
961,68,62,2024-09-23,12
962,61,150,2024-04-09,14
963,10,157,2023-11-25,68
964,62,178,2024-03-17,15
965,48,129,2024-04-22,4
966,56,14,2026-03-20,15
967,68,110,2025-05-13,13
968,47,146,2025-08-04,6
969,78,3,2023-01-18,19
970,30,129,2025-06-28,87
971,4,58,2025-05-26,3
972,89,190,2024-06-01,3
973,4,155,2024-10-28,16
974,2,44,2024-07-05,19
975,39,117,2026-01-08,17
976,14,67,2025-05-14,18
977,20,149,2025-11-21,185
978,60,172,2024-10-17,72
979,80,173,2023-09-22,100
980,21,45,2026-04-07,16
981,23,100,2025-10-30,8
982,14,26,2025-04-16,6
983,50,107,2025-10-31,116
984,33,38,2024-03-31,20
985,33,52,2023-07-26,5
986,61,182,2026-01-08,13
987,80,31,2024-07-02,173
988,86,99,2023-10-10,12
989,70,1,2024-05-13,95
990,20,146,2025-03-26,60
991,87,182,2025-07-08,3
992,20,164,2024-01-05,53
993,25,59,2025-10-11,4
994,46,95,2023-10-25,17
995,96,200,2025-10-29,19
996,87,122,2023-08-06,7
997,4,26,2025-08-26,18
998,99,149,2025-08-06,10
999,39,96,2023-05-26,19
1000,5,170,2023-11-09,17
1001,42,63,2024-03-01,7
1002,72,9,2024-08-01,15
1003,50,101,2024-04-27,29
1004,69,181,2025-09-27,13
1005,65,172,2023-08-25,16
1006,83,43,2024-09-09,1
1007,69,24,2025-10-27,8
1008,51,88,2024-03-26,8
1009,100,192,2024-11-28,65
1010,14,103,2023-09-15,1
1011,2,10,2023-05-17,9
1012,62,4,2024-03-25,5
1013,22,37,2025-11-14,19
1014,28,125,2025-03-30,2
1015,76,5,2025-10-08,6
1016,99,179,2025-01-30,10
1017,81,2,2024-11-17,7
1018,16,198,2025-11-20,16
1019,10,85,2024-05-29,110
1020,98,74,2023-08-31,11
1021,87,154,2023-05-08,6
1022,91,73,2025-10-24,14
1023,47,179,2024-09-12,15
1024,42,74,2024-03-16,11
1025,61,101,2024-04-14,3
1026,81,49,2023-07-30,6
1027,68,58,2026-03-09,7
1028,83,127,2025-09-04,1
1029,84,14,2023-07-21,6
1030,21,45,2024-11-04,10
1031,59,142,2025-03-20,6
1032,22,1,2024-05-20,8
1033,68,76,2024-09-13,3
1034,42,141,2023-04-08,12
1035,57,125,2025-03-23,1
1036,21,78,2025-01-05,5
1037,26,35,2025-03-17,8
1038,82,114,2023-07-02,14
1039,85,178,2024-12-04,11
1040,90,196,2024-04-13,125
1041,56,38,2023-08-24,11
1042,15,48,2023-04-18,2
1043,38,91,2025-06-21,13
1044,30,164,2023-06-09,143
1045,68,91,2023-05-30,3
1046,4,74,2025-12-15,4
1047,51,136,2024-05-27,5
1048,82,165,2024-06-28,8
1049,70,14,2024-05-12,126
1050,37,47,2023-11-23,12
1051,55,106,2023-01-13,7
1052,65,32,2024-12-05,19
1053,77,160,2025-07-29,3
1054,84,94,2024-09-08,3
1055,4,65,2023-09-07,4
1056,18,23,2025-06-22,19
1057,72,194,2025-12-29,5
1058,93,148,2026-02-03,7
1059,61,176,2024-09-05,1
1060,64,6,2023-11-09,20
1061,7,99,2024-08-29,7
1062,36,187,2023-10-09,16
1063,78,7,2023-09-11,1
1064,37,122,2025-03-03,15
1065,90,31,2023-05-27,180
1066,49,177,2023-12-15,4
1067,73,2,2026-02-16,1
1068,30,14,2024-06-30,94
1069,34,72,2024-07-02,7
1070,74,109,2026-03-06,19
1071,22,66,2023-03-21,1
1072,40,144,2025-07-26,51
1073,31,111,2023-05-27,3
1074,60,191,2023-09-04,178
1075,25,133,2025-03-12,1
1076,33,86,2024-11-23,11
1077,41,46,2026-01-07,12
1078,32,131,2024-01-09,14
1079,98,192,2023-12-30,16
1080,34,153,2023-06-17,6
1081,23,54,2024-11-20,18
1082,60,75,2023-01-31,23
1083,81,147,2025-09-07,7
1084,53,10,2025-05-07,17
1085,100,194,2025-08-03,194
1086,79,186,2024-06-01,14
1087,18,149,2024-05-19,4
1088,46,162,2025-12-08,14
1089,70,72,2023-03-21,79
1090,64,128,2024-07-05,2
1091,53,26,2024-08-22,14
1092,44,10,2024-10-17,4
1093,8,3,2023-08-10,4
1094,83,93,2025-08-26,5
1095,77,164,2026-04-09,10
1096,30,187,2023-09-05,28
1097,45,145,2025-10-21,14
1098,65,193,2025-01-17,20
1099,46,48,2025-02-26,12
1100,75,73,2025-07-02,15
1101,97,142,2023-06-28,16
1102,21,15,2024-09-21,1
1103,34,120,2023-09-16,18
1104,2,66,2024-12-19,12
1105,59,188,2024-05-15,11
1106,28,97,2025-11-29,19
1107,46,62,2025-06-16,5
1108,54,182,2024-02-08,5
1109,14,148,2024-11-01,17
1110,27,71,2023-01-09,3
1111,36,150,2024-03-17,15
1112,10,103,2023-05-11,32
1113,45,88,2023-02-14,16
1114,58,195,2024-08-21,10
1115,34,59,2025-06-22,12
1116,94,118,2025-12-28,14
1117,32,163,2025-06-22,11
1118,28,95,2025-03-19,6
1119,62,61,2025-07-29,7
1120,27,123,2024-02-23,14
1121,78,67,2024-08-07,12
1122,84,42,2025-05-07,7
1123,22,151,2023-02-27,2
1124,64,175,2023-06-11,3
1125,24,40,2024-01-08,20
1126,28,11,2024-02-07,10
1127,59,112,2023-08-01,16
1128,11,74,2023-11-06,5
1129,95,177,2023-07-17,7
1130,47,103,2024-06-10,5
1131,84,11,2023-04-28,14
1132,69,178,2026-01-14,16
1133,15,58,2023-11-03,8
1134,62,53,2024-03-12,15
1135,64,158,2025-08-25,13
1136,98,165,2023-10-22,12
1137,9,44,2024-05-13,6
1138,4,117,2025-07-07,5
1139,56,103,2024-03-15,6
1140,71,191,2024-03-31,14
1141,34,178,2023-04-27,4
1142,73,114,2024-04-13,7
1143,37,54,2026-02-05,1
1144,96,108,2024-04-11,6
1145,48,53,2024-07-26,4
1146,44,66,2026-03-26,13
1147,37,113,2026-03-14,13
1148,54,90,2024-10-09,20
1149,18,109,2024-03-25,18
1150,92,162,2025-11-28,8
1151,40,167,2024-07-11,59
1152,26,36,2024-08-04,12
1153,7,48,2024-05-28,10
1154,63,82,2025-05-17,1
1155,45,28,2024-07-05,8
1156,87,169,2025-01-01,18
1157,58,87,2025-10-31,5
1158,51,170,2025-01-09,12
1159,96,72,2024-07-03,10
1160,66,127,2023-09-30,12
1161,6,92,2023-03-06,18
1162,33,35,2024-12-05,17
1163,70,105,2026-03-28,94
1164,23,102,2024-01-09,2
1165,78,107,2025-11-21,16
1166,68,43,2024-12-08,4
1167,18,55,2024-05-21,18
1168,85,160,2023-05-09,9
1169,55,168,2024-07-29,1
1170,50,69,2023-03-11,32
1171,59,51,2023-06-30,1
1172,58,9,2023-12-08,12
1173,10,31,2025-02-06,71
1174,27,101,2024-09-22,14
1175,61,166,2025-03-05,12
1176,50,97,2024-12-09,130
1177,40,173,2026-01-12,140
1178,18,7,2025-03-27,1
1179,36,131,2025-02-08,7
1180,9,146,2023-11-10,5
1181,69,154,2025-02-26,5
1182,71,121,2025-07-03,12
1183,54,173,2026-03-04,13
1184,58,16,2024-08-11,10
1185,53,56,2024-02-12,15
1186,76,186,2025-02-23,20
1187,3,102,2025-10-27,20
1188,79,12,2023-11-26,12
1189,99,78,2023-12-25,12
1190,79,179,2025-11-04,3
1191,72,34,2024-05-01,2
1192,20,48,2023-04-05,113
1193,80,92,2024-10-14,103
1194,3,118,2024-03-10,12
1195,28,165,2023-11-24,7
1196,44,65,2025-08-19,18
1197,41,56,2025-06-23,11
1198,98,8,2023-03-20,1
1199,21,105,2023-02-01,10
1200,72,178,2024-02-18,11
1201,57,180,2023-08-09,10
1202,42,117,2026-03-11,19
1203,20,162,2024-11-11,64
1204,77,24,2023-07-19,5
1205,90,87,2023-05-11,95
1206,52,39,2025-03-16,14
1207,22,126,2024-07-30,15
1208,40,61,2025-08-19,62
1209,52,79,2025-11-21,18
1210,72,104,2024-10-07,3
1211,93,13,2025-08-07,5
1212,36,99,2023-07-27,5
1213,86,78,2025-06-02,9
1214,67,36,2025-08-22,20
1215,12,83,2024-11-05,13
1216,40,101,2024-12-06,99
1217,20,58,2023-07-06,111
1218,74,25,2024-11-03,11
1219,88,152,2024-02-15,12
1220,20,94,2024-11-25,110
1221,63,144,2024-07-30,4
1222,25,65,2025-05-06,8
1223,68,55,2024-09-11,12
1224,54,112,2023-08-07,10
1225,20,99,2026-02-06,181
1226,56,52,2025-10-11,16
1227,7,47,2025-06-17,13
1228,94,192,2023-07-26,16
1229,53,6,2026-03-14,3
1230,73,15,2025-09-10,19
1231,97,22,2023-06-23,17
1232,9,61,2023-04-01,12
1233,81,192,2024-02-14,7
1234,46,131,2023-10-26,7
1235,75,76,2023-06-23,12
1236,47,120,2024-03-14,16
1237,75,13,2024-06-24,17
1238,82,116,2024-10-06,8
1239,94,8,2023-06-28,10
1240,69,174,2026-03-19,1
1241,24,136,2024-04-10,5
1242,48,19,2024-01-27,11
1243,91,94,2023-03-21,7
1244,55,79,2024-08-12,17
1245,36,84,2025-10-01,17
1246,74,79,2025-08-07,9
1247,64,36,2025-06-18,2
1248,62,150,2025-03-17,6
1249,26,195,2023-08-20,9
1250,16,98,2025-10-07,9
1251,42,135,2023-07-08,12
1252,65,42,2025-06-22,5
1253,89,167,2025-11-11,8
1254,35,92,2025-04-18,17
1255,100,155,2024-07-23,44
1256,94,57,2025-07-03,7
1257,100,71,2023-05-24,175
1258,48,174,2025-02-13,20
1259,54,30,2023-02-03,2
1260,37,41,2023-10-17,14
1261,41,164,2024-04-12,2
1262,72,62,2026-02-23,15
1263,11,9,2024-06-12,18
1264,74,148,2023-03-22,13
1265,56,200,2025-08-19,1
1266,47,59,2023-03-08,11
1267,65,181,2024-09-05,6
1268,37,86,2023-04-26,6
1269,5,121,2025-11-29,16
1270,14,63,2023-09-18,15
1271,41,65,2025-04-01,20
1272,14,86,2026-04-02,2
1273,77,155,2024-01-06,14
1274,28,181,2026-04-11,17
1275,48,152,2023-08-01,5
1276,87,168,2025-10-08,5
1277,71,3,2025-11-01,12
1278,39,115,2024-11-17,6
1279,77,160,2025-07-12,4
1280,60,85,2023-05-06,129
1281,95,102,2024-11-22,2
1282,8,194,2023-09-12,9
1283,12,135,2024-08-26,14
1284,16,16,2023-10-14,14
1285,82,198,2023-05-13,2
1286,24,36,2025-07-18,14
1287,44,113,2025-12-25,17
1288,52,167,2023-08-31,19
1289,60,119,2026-02-13,75
1290,11,23,2025-06-18,13
1291,42,76,2024-07-22,4
1292,48,110,2025-01-23,9
1293,93,172,2025-11-26,9
1294,45,133,2023-12-07,8
1295,92,171,2024-09-07,10
1296,80,87,2023-04-21,145
1297,50,45,2024-08-04,111
1298,24,108,2024-12-23,8
1299,49,170,2024-03-17,10
1300,85,180,2024-11-04,8
1301,67,190,2024-08-31,17
1302,95,5,2023-03-04,15
1303,7,200,2025-05-12,9
1304,6,146,2025-04-16,3
1305,26,182,2025-05-15,18
1306,5,149,2023-12-15,11
1307,10,187,2023-11-15,30
1308,35,189,2026-01-23,4
1309,73,122,2025-06-14,14
1310,58,7,2025-03-24,18
1311,90,112,2025-08-23,69
1312,65,100,2023-03-17,11
1313,86,37,2025-09-12,8
1314,22,190,2025-04-12,18
1315,9,64,2023-03-09,12
1316,5,15,2025-10-31,13
1317,15,13,2024-01-20,17
1318,71,15,2026-03-20,3
1319,37,89,2025-09-27,16
1320,10,175,2024-04-06,41
1321,10,121,2024-05-14,107
1322,52,170,2025-08-22,13
1323,66,164,2024-02-10,6
1324,62,72,2023-06-23,5
1325,17,126,2025-05-31,6
1326,77,80,2023-11-07,5
1327,70,63,2025-01-26,108
1328,78,36,2023-08-29,20
1329,47,178,2026-01-24,19
1330,95,169,2023-01-20,1
1331,91,132,2025-03-09,20
1332,53,178,2024-01-28,15
1333,87,63,2023-11-17,7
1334,69,61,2025-09-28,19
1335,88,38,2023-07-18,7
1336,96,113,2025-11-01,19
1337,56,127,2025-04-28,9
1338,25,53,2026-02-22,14
1339,55,129,2024-05-26,10
1340,68,57,2025-03-28,11
1341,13,41,2025-05-08,17
1342,85,37,2026-02-14,13
1343,70,88,2025-04-09,44
1344,9,50,2024-05-01,18
1345,36,158,2026-01-18,4
1346,40,68,2024-02-14,50
1347,50,28,2026-01-31,130
1348,33,60,2025-06-06,1
1349,80,124,2023-10-30,174
1350,86,16,2025-09-17,1
1351,24,14,2024-04-06,18
1352,13,167,2023-02-23,17
1353,83,97,2025-11-04,3
1354,51,44,2026-03-13,14
1355,40,105,2023-07-11,195
1356,16,195,2025-05-23,1
1357,15,44,2025-03-24,11
1358,75,36,2026-02-04,20
1359,23,189,2024-05-02,9
1360,8,112,2024-05-22,12
1361,29,110,2025-09-28,5
1362,20,196,2025-03-17,54
1363,9,83,2024-07-14,14
1364,87,127,2023-01-15,13
1365,11,115,2023-01-29,15
1366,44,91,2024-02-29,5
1367,77,13,2025-07-15,3
1368,96,73,2023-04-28,10
1369,13,110,2023-12-03,10
1370,23,151,2025-06-10,4
1371,96,71,2023-11-22,17
1372,22,57,2023-03-05,18
1373,7,116,2025-01-29,9
1374,6,12,2023-04-27,13
1375,63,134,2023-09-26,1
1376,56,83,2025-08-14,11
1377,2,40,2025-07-29,4
1378,69,6,2025-09-03,18
1379,61,110,2023-02-26,17
1380,38,153,2026-03-02,2
1381,59,23,2024-06-12,12
1382,73,31,2023-05-11,14
1383,10,102,2025-10-15,172
1384,59,143,2025-02-15,20
1385,55,79,2024-07-10,16
1386,55,122,2023-05-24,10
1387,44,165,2025-08-31,19
1388,79,70,2026-04-10,3
1389,79,61,2025-02-06,1
1390,21,177,2024-06-16,9
1391,13,81,2024-11-18,4
1392,9,174,2025-07-29,18
1393,27,43,2025-06-08,20
1394,13,174,2024-03-20,5
1395,86,128,2023-08-31,12
1396,97,40,2026-02-15,2
1397,10,86,2025-08-05,79
1398,69,148,2024-04-13,16
1399,39,176,2026-02-03,17
1400,30,160,2024-11-20,98
1401,25,72,2023-01-18,10
1402,20,96,2025-06-03,150
1403,90,169,2025-07-19,175
1404,68,118,2026-03-24,20
1405,19,155,2024-05-06,10
1406,17,13,2023-05-02,10
1407,5,185,2026-01-31,12
1408,77,139,2024-10-11,16
1409,55,79,2023-07-25,2
1410,16,159,2023-08-10,18
1411,34,51,2025-03-06,1
1412,32,2,2024-01-19,19
1413,91,80,2023-11-17,14
1414,73,10,2024-04-01,5
1415,71,105,2025-08-28,6
1416,64,149,2023-03-12,14
1417,79,76,2026-02-09,17
1418,81,21,2024-06-24,16
1419,46,148,2024-08-25,8
1420,7,40,2024-02-03,7
1421,79,151,2025-02-03,17
1422,71,6,2024-09-01,17
1423,40,50,2023-06-12,105
1424,10,61,2025-10-29,31
1425,50,78,2025-06-27,162
1426,25,92,2025-10-01,8
1427,89,131,2024-06-28,18
1428,16,71,2025-10-14,6
1429,76,109,2026-04-08,15
1430,40,155,2026-02-12,79
1431,17,33,2025-01-24,2
1432,74,133,2024-08-15,19
1433,24,71,2023-10-17,12
1434,46,138,2024-12-04,6
1435,17,46,2024-08-09,12
1436,34,35,2024-12-27,11
1437,4,148,2025-04-24,12
1438,73,41,2024-02-18,8
1439,49,138,2023-03-16,7
1440,32,68,2025-05-19,6
1441,96,70,2024-05-04,13
1442,15,164,2023-09-30,15
1443,91,180,2024-01-17,18
1444,31,101,2023-11-30,1
1445,97,99,2024-04-25,8
1446,89,176,2023-10-14,6
1447,78,130,2023-05-22,9
1448,99,48,2025-04-03,6
1449,49,73,2025-05-15,16
1450,58,122,2023-08-15,5
1451,92,106,2023-03-21,15
1452,57,117,2025-07-04,3
1453,65,110,2025-12-10,4
1454,2,18,2024-06-10,5
1455,7,2,2024-07-26,7
1456,83,144,2026-01-26,3
1457,99,132,2023-04-03,11
1458,15,121,2025-11-02,14
1459,32,154,2025-10-07,17
1460,16,63,2024-02-19,6
1461,50,179,2025-05-09,36
1462,77,194,2025-11-03,13
1463,47,28,2023-07-15,2
1464,50,151,2023-03-06,68
1465,21,15,2025-04-15,17
1466,24,140,2024-06-06,18
1467,15,179,2024-07-20,16
1468,4,156,2023-06-12,5
1469,77,141,2023-01-22,11
1470,50,40,2023-03-27,95
1471,90,94,2024-11-24,47
1472,60,196,2023-09-11,23
1473,83,67,2024-06-16,15
1474,87,123,2024-10-30,3
1475,98,13,2023-05-20,13
1476,55,135,2023-06-20,6
1477,6,130,2025-01-10,16
1478,69,62,2024-11-29,11
1479,90,176,2024-10-23,157
1480,72,15,2026-01-22,20
1481,32,174,2023-09-17,15
1482,86,191,2026-01-13,14
1483,47,84,2023-07-13,8
1484,39,132,2023-02-01,5
1485,52,184,2024-12-12,17
1486,13,184,2024-09-13,17
1487,4,2,2023-08-27,20
1488,9,77,2024-03-09,18
1489,24,52,2026-04-14,12
1490,48,116,2025-01-25,15
1491,30,80,2023-09-18,70
1492,27,176,2023-03-07,9
1493,89,152,2025-10-06,7
1494,92,62,2023-05-01,18
1495,26,74,2023-11-17,12
1496,15,45,2025-05-29,20
1497,58,66,2023-06-06,20
1498,11,68,2024-01-24,16
1499,37,127,2023-01-10,11
1500,94,21,2025-10-17,16
